﻿{"cameraMode":{"drawMode":0,"name":"Shaded","section":"Shading Mode"},"sceneLighting":true,"audioPlay":false,"sceneViewState":{"showFog":true,"showMaterialUpdate":false,"showSkybox":false,"showFlares":true,"showImageEffects":true,"showParticleSystems":true},"in2DMode":false,"pivot":{"x":29.2008056640625,"y":6.6015625,"z":17.3857421875},"rotation":{"x":-0.724898636341095,"y":0.0030998073052614929,"z":-0.0032620620913803579,"w":-0.6888408660888672},"size":44.409637451171878,"orthographic":true}