<?xml version="1.0" encoding="utf-8" standalone="yes"?>
<doc>
  <members>
    <assembly>
      <name>UnityEditor.Timeline</name>
    </assembly>
    <member name="T:UnityEditor.Timeline.RefreshReason">
      <summary>
        <para>TimelineEditor.Refresh uses these flags to determine what needs to be refreshed or updated.</para>
      </summary>
    </member>
    <member name="F:UnityEditor.Timeline.RefreshReason.ContentsAddedOrRemoved">
      <summary>
        <para>Use this flag when an element was added to or removed from the Timeline.</para>
      </summary>
    </member>
    <member name="F:UnityEditor.Timeline.RefreshReason.ContentsModified">
      <summary>
        <para>Use this flag when a Timeline element was modified.</para>
      </summary>
    </member>
    <member name="F:UnityEditor.Timeline.RefreshReason.SceneNeedsUpdate">
      <summary>
        <para>Use this flag when a change to the Timeline requires that the Scene be updated.</para>
      </summary>
    </member>
    <member name="F:UnityEditor.Timeline.RefreshReason.WindowNeedsRedraw">
      <summary>
        <para>Use this flag when a change to the Timeline requires that the Timeline window be redrawn.</para>
      </summary>
    </member>
    <member name="T:UnityEditor.Timeline.TimelineEditor">
      <summary>
        <para>Information currently being edited in the Timeline Editor Window.</para>
      </summary>
    </member>
    <member name="P:UnityEditor.Timeline.TimelineEditor.inspectedAsset">
      <summary>
        <para>The TimelineAsset currently being shown in the Timeline window.</para>
      </summary>
    </member>
    <member name="P:UnityEditor.Timeline.TimelineEditor.inspectedDirector">
      <summary>
        <para>The PlayableDirector associated with the timeline currently being shown in the Timeline window.</para>
      </summary>
    </member>
    <member name="P:UnityEditor.Timeline.TimelineEditor.masterAsset">
      <summary>
        <para>The TimelineAsset at the root of the hierarchy currently being shown in the Timeline window.</para>
      </summary>
    </member>
    <member name="P:UnityEditor.Timeline.TimelineEditor.masterDirector">
      <summary>
        <para>The PlayableDirector responsible for the playback of the timeline currently being shown in the Timeline window.</para>
      </summary>
    </member>
    <member name="M:UnityEditor.Timeline.TimelineEditor.Refresh(UnityEditor.Timeline.RefreshReason)">
      <summary>
        <para>Refreshes the different components affected by the currently inspected TimelineAsset, based on the RefreshReason provided.</para>
      </summary>
      <param name="reason">The reason why a refresh should be performed.</param>
    </member>
  </members>
</doc>
